data_id,img_url,rules,bonus,affiliate_link,score
a03e393,https://i0.wp.com/bedstebonusser.com/wp-content/uploads/2021/08/Cashpoint-logo.png?fit=300%2C152&ssl=1,Reklame | 18+ | Regler og vilkår gælder | Kun for nye spillere | Indbetal min. 100kr. | Få et freebet der matcher dit første væddemål | Min. odds 1.80 | Du modtager automatisk et freebet der svarer til din indsats (op til 500kr) | Spil ansvarligt | Selvudelukkelse: rofus.nu | Spillemyndighedens hjælpelinje: stopspillet.dk,Freebet op til 500kr.,insert affiliate link here,9.6
8f9bf16,https://i0.wp.com/bedstebonusser.com/wp-content/uploads/2020/11/mrgreen-logo.jpeg?fit=173%2C76&ssl=1,18+ | Kun nye spillere | Min. indbetaling: 75 kr. – maks. 1.000 kr. | Bonus har omsætningskrav x ti (10) og vægtes kun mod Casino spil | Eks. hvis man får 100 kr. i bonus skal man spille 100 x 10 = 1.000 kr. | Bonus er gyldig i tres (60) dage | Regler og vilkår gælder | Spil ansvarligt | Spillemyndighedens hjælpelinje StopSpillet.dk: 70 22 28 25 | Udeluk dig via ROFUS.nu,Freebet op til 1000kr.,insert affiliate link here,9.8
7b81df5,https://i0.wp.com/bedstebonusser.com/wp-content/uploads/2024/01/SpreadEx-1.png?fit=1024%2C538&ssl=1,"18+ | Kun nye spillere | Tilbuddet er kun for nye spillere. Kun din første indbetaling bestemmer værdien af ​​dine gratis væddemål. For eksempel, en indbetaling på 1.000 kr. vil resultere i et gratis væddemål på 500 kr. til sportsbook samt et gratis væddemål på 500 kr. til spreadbetting, som du modtager når dit første indskud er gennemspillet 1 gang til minimum odds 1,50. Gennemspilskravet skal opnås inden for 60 dage efter aktivering af velkomstbonussen. | Regler og vilkår gælder | Spil ansvarligt | Spillemyndighedens hjælpelinje StopSpillet.dk: 70 22 28 25 | Udeluk dig via ROFUS.nu",Freebets op til 1000kr.,insert affiliate link here,9.9
5f4f447,https://i0.wp.com/bedstebonusser.com/wp-content/uploads/2020/11/nordicbet-logo-small.jpg?fit=173%2C76&ssl=1,Reklame | 18+ | Regler og vilkår gælder | Gælder kun nye spillere | Gyldigt i 60 dage efter oprettelse | Bonuspenge skal omsættes 8 gange til odds 1.80 eller derover | Minimum indbetaling 50 kr | Maks 500 kr i bonus | Spil ansvarligt | Selvudelukkelse: rofus.nu | Spillemyndighedens hjælpelinje: stopspillet.dk,100% op til 500kr.,insert affiliate link here,9.5
a746244,https://i0.wp.com/bedstebonusser.com/wp-content/uploads/2020/11/comeon-logo.jpeg?fit=173%2C76&ssl=1,Reklame | 18+ | Regler og vilkår gælder | Kun for nye kunder | Indbetal min. 100kr. | Indbetaling og bonus omsættes 5x | Min. odds 1.80 | Gyldig i 60 dage | Spil ansvarligt | Selvudelukkelse: rofus.nu | Spillemyndighedens hjælpelinje: stopspillet.dk,100% op til 1000kr.,insert affiliate link here,9.8
96baefa,https://i0.wp.com/bedstebonusser.com/wp-content/uploads/2020/12/onside-betting-logo-mb-new.jpg?fit=518%2C311&ssl=1,Reklame | 18+ | Regler og vilkår gælder | Kun for nye spillere | Indbetal min. 100kr. | Indbetaling og bonus gennemspilles 6x | Min. odds 1.50 | Spil ansvarligt | Selvudelukkelse: rofus.nu | Spillemyndighedens hjælpelinje: stopspillet.dk,100% op til 500kr.,insert affiliate link here,9.8
a5fe24d,https://i0.wp.com/bedstebonusser.com/wp-content/uploads/2020/11/888sport-logo.jpeg?fit=173%2C76&ssl=1,"Reklame | 18+ | Regler og vilkår gælder | Kun for nye brugere · Minimum indbetaling på 100 kr. ved brug af tilbudskode · Et kvalificerende bet er en ”real money” – indsats på mindst 100 kr. placeret på hvilket som helst sportsmarked · Bets placeret med en Ekstra Bet-kupon eller en boost-kupon er ikke gældende · Indsatsen skal placeres indenfor 30 dage efter indbetaling · Maksimum refundering ligger på 500 kr. · For eksempel, hvis du satser 300 kr. og taber, vil du får 300 kr. tilbage i Ekstra Bet· Ekstra Bet, der krediteres ved afgjorte bets, udløber efter 60 dage · Ekstra-indsatser er ikke inkluderet i returneringer · Indbetalingsmetoder og udbetalingsbegrænsninger gælder og alle vilkår gælder. | Spil ansvarligt | Selvudelukkelse: rofus.nu | Spillemyndighedens hjælpelinje: stopspillet.dk",Ekstraspil op til 500kr.,insert affiliate link here,9.7
1c4d4c3,https://i0.wp.com/bedstebonusser.com/wp-content/uploads/2020/11/leovegas-logo-small.jpeg?fit=173%2C76&ssl=1,Reklame | 18+ | Regler og vilkår gælder | Kun for nye spillere | Indbetal og spil min. 100kr. | Min. odds 1.80 | Gyldig i 60 dage | Freebet skal bruges live på mobil | Spil ansvarligt | Selvudelukkelse: rofus.nu | Spillemyndighedens hjælpelinje: stopspillet.dk,Freebet op til 1000kr.,insert affiliate link here,9.8
918b375,https://i0.wp.com/bedstebonusser.com/wp-content/uploads/2020/11/bwin-logo.jpeg?fit=173%2C76&ssl=1,"Reklame | 18+ | Regler og vilkår gælder | Kun for nye spillere | Indbetal min. 100kr. | Få din indsats som Freebet, hvis du taber | Gyldigt 7 dage fra indbetaling | Spil ansvarligt | Selvudelukkelse: rofus.nu | Spillemyndighedens hjælpelinje: stopspillet.dk",Freebet op til 500kr.,insert affiliate link here,9.6
a49402c,https://i0.wp.com/bedstebonusser.com/wp-content/uploads/2020/11/unibet-logo-small.jpeg?fit=173%2C76&ssl=1,Reklame | 18+ | Regler og vilkår gælder | Kun for nye spillere | Indbetal min. 40kr. | Gennemspil bonus 8x | Min. odds 1.40 | Gyldig i 60 dage |  Spil ansvarligt | Selvudelukkelse: rofus.nu | Spillemyndighedens hjælpelinje: stopspillet.dk,100% op til 1000kr.,insert affiliate link here,9.9
a275d56,https://i0.wp.com/bedstebonusser.com/wp-content/uploads/2020/11/betfair-logo-small.jpeg?fit=173%2C76&ssl=1,Reklame | 18+ | Regler og vilkår gælder | Kun for nye spillere | Indbetal min. 100kr. | Indbetaling og bonus omsættes 8x | Min. odds 1.95 | Gyldig i 90 dage |  Spil ansvarligt | Selvudelukkelse: rofus.nu | Spillemyndighedens hjælpelinje: stopspillet.dk,100% op til 1000kr.,insert affiliate link here,9.7
e99a5e9,https://i0.wp.com/bedstebonusser.com/wp-content/uploads/2020/11/bet365-logo-1.jpg?fit=173%2C76&ssl=1,Reklame | 18+ | Regler og vilkår gælder | Kun for nye kunder | Indbetal og spil min. 50kr. | Min. odds 1.20 | Gyldig i 60 dage | Væddemålskreditter kan ikke udbetales | Spil ansvarligt | Selvudelukkelse: rofus.nu | Spillemyndighedens hjælpelinje: stopspillet.dk,"Væddemålskreditter 
op til 1000kr.",insert affiliate link here,9.8
6e785e1,https://i0.wp.com/bedstebonusser.com/wp-content/uploads/2020/11/youbet-logo.jpg?fit=188%2C96&ssl=1,Reklame | 18+ | Regler og vilkår gælder | Kun for nye spillere | Indbetal og spil min. 50kr. | Bonus fås efter indbetaling er gennemspillet 1x | Herefter gennemspilles 9x | Spil ansvarligt | Selvudelukkelse: rofus.nu | Spillemyndighedens hjælpelinje: stopspillet.dk,100% op til 500kr.,insert affiliate link here,9.7